Recipe,Cookbook,Protein,Page
Queso Chicken Mac n' Cheese,Slow Cooker,Chicken,22
Peanut Miso Chicken Rice Bowls,Slow Cooker,Chicken,23
Pineapple Teriyaki Pulled Pork Rice Bowls,Slow Cooker,Pork,24
Green Enchilada Chicken & Rice Soup,Slow Cooker,Chicken,25
Frozen Cheesy Chicken & Rice Burritos,Slow Cooker,Chicken,26
Sundried Tomato Spinach Feta Pasta,Slow Cooker,Chicken,27
Garlic Butter Chicken Alfredo,Slow Cooker,Chicken,28
Chili Garlic Chicken Fried Rice,Slow Cooker,Chicken,29
Butter Chicken Rice Bowls,Slow Cooker,Chicken,30
Tzatziki Chicken & Harissa Spiced Rice,Slow Cooker,Chicken,31
Brisket Queso Mac n' Cheese,Slow Cooker,Beef,32
Avocado Chicken Rice Bowls,Slow Cooker,Chicken,33
Hawaiian BBQ Chicken Rice Bowls,Slow Cooker,Chicken,34
Spicy Steak Pasta,Slow Cooker,Beef,35
Chicken Tinga & Green Rice,Slow Cooker,Chicken,36
Teriyaki Chicken Rice Bowls,Slow Cooker,Chicken,37
Cheesy Chipotle Chicken Pasta,Slow Cooker,Chicken,38
Lemon Harissa Chicken Pasta,Slow Cooker,Chicken,39
Honey Chipotle Chicken Burrito Bowls,Slow Cooker,Chicken,40
Chorizo Queso Mac n' Cheese,Slow Cooker,Mixed,41
Lasagna Bowls,Slow Cooker,Beef,42
Chicken Bacon Ranch Mac n' Cheese,Slow Cooker,Mixed,43
Chimichurri Steak Rice Bowls,Slow Cooker,Beef,44
Buffalo Chicken & Bacon Mac n' Cheese,Slow Cooker,Mixed,45
Korean BBQ Beef Rice Bowls,Slow Cooker,Beef,46
Spicy Chicken Alfredo,Slow Cooker,Chicken,47
Slow Cooker Chili,Slow Cooker,Beef,48
Chili Mac,Slow Cooker,Beef,49
Butter Chicken Chili,Slow Cooker,Chicken,50
Frozen Cheesy Buffalo Chicken Burritos,Slow Cooker,Chicken,51
Miso Mac,Slow Cooker,Chicken,52
Cheesy Southwestern Chicken Orzo,Slow Cooker,Chicken,53
Jalapeno Popper Mac n' Cheese,Slow Cooker,Mixed,54
Honey Harissa Chicken Rice Bowls,Slow Cooker,Chicken,55
Buffalo Chicken Mac N Cheese,Slow Cooker,Chicken,56
Chicken Enchilada Soup,Slow Cooker,Chicken,57
Pasta Bolognese,Slow Cooker,Beef,58
Carnitas Inspired Pulled Pork Burritos,Slow Cooker,Pork,59
Thai Red Curry Peanut Chicken Bowls,Slow Cooker,Chicken,60
Chicken Parmesan Pasta,Slow Cooker,Chicken,61
Street Taco Chicken & Chipotle Lime Rice,Slow Cooker,Chicken,62
Cheesy Chili Crisp Miso Orzo,Slow Cooker,Chicken,63
Korean Beef Noodles,Slow Cooker,Beef,64
Red Enchilada Chicken Soup,Slow Cooker,Chicken,65
Japanese Curry,Slow Cooker,Chicken,66
Chili Crisp Orange Chicken Rice Bowls,Slow Cooker,Chicken,67
Meat Lovers Pizza Mac n' Cheese,Slow Cooker,Mixed,68
Caramelized Onion Beef Burritos,Slow Cooker,Beef,69
Brisket Queso Fries,Slow Cooker,Beef,70
Quesabirria Burritos,Slow Cooker,Beef,71
Italian Beef Sandwiches,Slow Cooker,Beef,72
Chili Con Carne,Slow Cooker,Beef,73
Hot Honey Brisket Ragu Pasta,Slow Cooker,Beef,74
Chipotle Brisket Breakfast Burritos,Slow Cooker,Beef,75
Beef Stroganoff Orzo,Slow Cooker,Beef,76
BBQ Beef Loaded Sweet Potatoes,Slow Cooker,Beef,77
French Onion Pasta,Slow Cooker,Chicken,78
Cheesesteak Pasta,Slow Cooker,Beef,79
Buffalo Chicken Bacon Ranch Rice Bowls,Slow Cooker,Mixed,80
Broccoli Cheddar Soup Mac n' Cheese,Slow Cooker,Chicken,81
Chicken Fried Rice,Meal Prep 2024,Chicken,16
Garlic Parmesan Chicken Alfredo,Meal Prep 2024,Chicken,17
Philly Cheesesteak Pasta,Meal Prep 2024,Beef,18
Spicy Peanut Sauce Noodles,Meal Prep 2024,Chicken,19
Queso Chicken & Rice,Meal Prep 2024,Chicken,20
Cajun Chicken Mac n' Cheese,Meal Prep 2024,Chicken,21
Chicken Bacon Ranch Fried Rice,Meal Prep 2024,Mixed,22
Orzo Burrito Bowls,Meal Prep 2024,Chicken,23
Lemon Parmesan Chicken & Rice,Meal Prep 2024,Chicken,24
Orange Chicken,Meal Prep 2024,Chicken,25
Chipotle Chicken & Bacon Alfredo,Meal Prep 2024,Mixed,26
Loaded Cheddar Fries,Meal Prep 2024,Beef,27
Chicken Burrito Bowls,Meal Prep 2024,Chicken,28
Taco Mac n' Cheese,Meal Prep 2024,Beef,29
Honey Garlic Chicken & Rice,Meal Prep 2024,Chicken,30
Korean Beef Rice Bowls,Meal Prep 2024,Beef,31
Rigatoni Alla Vodka,Meal Prep 2024,Chicken,32
Green Chile Queso Mac n' Cheese,Meal Prep 2024,Chicken,33
Pepperoni Pizza Bagel Bites,Meal Prep 2024,Turkey,34
Creamy Chicken Pesto Pasta,Meal Prep 2024,Chicken,35
Honey Garlic Chili Crisp Noodles,Meal Prep 2024,Chicken,36
Buffalo Chicken Mac n' Cheese,Meal Prep 2024,Chicken,37
Italian Meatball Pasta,Meal Prep 2024,Beef,38
Pepperoni Pizza Mac n' Cheese,Meal Prep 2024,Turkey,39
Butter Chicken Rice Bowls,Meal Prep 2024,Chicken,40
Everything Bagel Chicken Alfredo,Meal Prep 2024,Chicken,41
Pollo Asado Burrito Bowls,Meal Prep 2024,Chicken,42
Chicken Bulgogi Rice Bowls,Meal Prep 2024,Chicken,43
Halal Cart-Style Chicken & Rice,Meal Prep 2024,Chicken,44
Jalapeno Popper Mac n' Cheese,Meal Prep 2024,Mixed,45
Garlic Poblano Chicken & Rice,Meal Prep 2024,Chicken,46
White Cheddar Truffle Mac,Meal Prep 2024,Chicken,47
Cajun Chicken Alfredo,Meal Prep 2024,Chicken,48
Southwest Chicken & Veggie Orzo,Meal Prep 2024,Chicken,49
Chorizo Mac n' Cheese,Meal Prep 2024,Beef,50
Cheesy Butternut Orzo,Meal Prep 2024,Chicken,51
Spicy Tomato Chicken Pasta,Meal Prep 2024,Chicken,52
Breakfast Mac n' Cheese,Meal Prep 2024,Turkey,53
Chimichurri Pasta w/ BBQ Chicken,Meal Prep 2024,Chicken,54
Spicy Sausage Pasta,Meal Prep 2024,Turkey,55
Honey Habanero Chicken & Rice,Meal Prep 2024,Chicken,56
Honey BBQ Chicken Mac n' Cheese,Meal Prep 2024,Chicken,57
Korean Beef & Gochujang Pasta,Meal Prep 2024,Beef,58
Creamy Roasted Red Pepper Pasta,Meal Prep 2024,Chicken,59
Southwestern Chicken & Rice,Meal Prep 2024,Chicken,60
Spicy Taco Bowls,Meal Prep 2024,Beef,61
Creamy Chipotle Chicken Pasta,Meal Prep 2024,Chicken,62
Creamy Fajita Chicken Orzo,Meal Prep 2024,Chicken,63
Teriyaki Chicken Fried Rice,Meal Prep 2024,Chicken,64
Creamy Cajun Chicken & Rice,Meal Prep 2024,Chicken,65
Honey Chipotle Steak Bowls,Meal Prep 2024,Beef,66
Tikka Masala Burritos,Meal Prep 2024,Chicken,69
Cheeseburger Burritos,Meal Prep 2024,Beef,70
Korean BBQ Bulgogi Burritos,Meal Prep 2024,Beef,71
Cajun Chicken Mac n' Cheese Burrito,Meal Prep 2024,Chicken,72
Meat Lovers Breakfast Burrito,Meal Prep 2024,Mixed,73
Cheesesteak Burritos,Meal Prep 2024,Beef,74
The Original Beefy Cheesy Burritos,Meal Prep 2024,Beef,75
Chorizo Breakfast Burritos,Meal Prep 2024,Beef,76
Quesabirria Burritos,Meal Prep 2024,Beef,77
Creamy Chicken Fajita Burritos,Meal Prep 2024,Chicken,78
Butter Chicken Burritos,Meal Prep 2024,Chicken,79
Buffalo Chicken & Rice Burritos,Meal Prep 2024,Chicken,80
Sweet Chili Chicken Burritos,Meal Prep 2024,Chicken,81
Creamy Chicken & Rice Burritos,Meal Prep 2024,Chicken,82
Carne Asada Mac n' Cheese Burritos,Meal Prep 2024,Beef,83
Green Chile Queso Burritos,Meal Prep 2024,Chicken,84
Cheesy Egg Breakfast Burritos,Meal Prep 2024,Vegetarian,85
Southwestern Breakfast Burritos,Meal Prep 2024,Mixed,86
Chicken Parm Burritos,Meal Prep 2024,Chicken,87
Pizza Rolls,Meal Prep 2024,Turkey,88
Garlic Parm Alfredo Pizza Rolls,Meal Prep 2024,Chicken,89
Queso Chicken Rolls,Meal Prep 2024,Chicken,90
Chicken Cali Burritos,Meal Prep 2024,Chicken,91
Buffalo Chicken Dip Burritos,Meal Prep 2024,Chicken,92
Creamy Chicken & Cheese Burritos,Meal Prep 2024,Chicken,93
Jalapeno Cheddar Chicken Burritos,Meal Prep 2024,Chicken,94
Frittata Breakfast Burritos,Meal Prep 2024,Turkey,95
Mini Creamy Beef & Cheese Burritos,Meal Prep 2024,Beef,96
Street Taco Breakfast Burritos,Meal Prep 2024,Chicken,97
Street Taco Taquitos,Meal Prep 2024,Chicken,98
Sausage Egg & Cheese Sandwiches,Meal Prep 2024,Mixed,99
Ham Egg & Cheese Sandwiches,Meal Prep 2024,Pork,100
Meal Prep Frozen Cheeseburgers,Meal Prep 2024,Beef,101
Smashburger Hot Pockets,Meal Prep 2024,Beef,102
Counter Taco Mac & Cheese,Meal Prep 2024,Beef,128
Counter Beefy Queso Burritos,Meal Prep 2024,Beef,129
Counter Chicken Queso Burritos,Meal Prep 2024,Chicken,130
Counter Breakfast Burritos,Meal Prep 2024,Chicken,131
Counter Breakfast Bowls,Meal Prep 2024,Chicken,132